1.023331,0.3301295,0.3053075
1.023331,0.3353027,0.5410713
1.023331,0.4221457,0.5687629
1.023331,1.331449,0.3143613
1.023331,1.61004,0.518755
1.023331,0.4424409,0.4315742
1.023331,0.2055969,0.4805229
1.023331,0.3662409,0.512924
1.023331,0.1835768,0.5041184
1.023331,0.2482534,0.4893076
1.023331,0.1834938,0.5943624
1.023331,0.2898218,0.3629432
1.023331,0.4879261,0.5635962
1.023331,0.2098564,0.4587277
1.023331,0.1884228,0.4123099
1.023331,1.428394,0.322381
1.023331,0.216069,0.4768547
1.023331,0.2330768,0.5625648
1.023331,0.2805211,0.3611644
1.023331,0.3401416,0.4333032
1.023331,0.5102869,0.4151971
1.023331,0.3669762,0.302142
1.023331,0.2678937,0.3538248
1.023331,0.2042559,0.3254709
1.023331,0.3590954,0.4100781
1.023331,0.3107345,0.5122819
1.023331,0.5360887,0.4025058
1.023331,0.1895788,0.3305169
1.023331,0.367761,0.4900617
1.023331,0.3253659,0.3252703
1.023331,0.2808995,0.5470401
1.023331,0.1827613,0.3999375
1.023331,0.816267,0.4959928
1.023331,0.3461665,0.5887476
1.023331,0.174184,0.3176101
1.023331,1.865245,0.3584419
1.023331,0.3195344,0.4857339
1.023331,0.519097,0.4083279
1.023331,0.2700892,0.5519712
1.023331,0.2059481,0.5205925
1.023331,0.2460484,0.5744646
1.023331,0.259573,0.5146307
1.023331,0.2590672,0.4713632
1.023331,1.506321,0.4498433
1.023331,0.1771592,0.4725101
1.023331,0.2254184,0.3758185
1.023331,0.3536914,0.3930352
1.023331,0.3584377,0.5458803
1.023331,0.6897469,0.5947788
1.023331,0.2216637,0.4424919
1.023331,0.6278229,0.4091329
1.023331,0.2560158,0.5007859
1.023331,0.7799194,0.3885094
1.023331,0.2355824,0.3168359
1.023331,0.2159811,0.4065283
1.023331,0.2406125,0.4152146
1.023331,0.371487,0.5076641
1.023331,0.3437398,0.3554581
1.023331,0.251944,0.3861519
1.023331,0.2993105,0.393721
1.023331,0.2738846,0.3974209
1.023331,0.2483429,0.462585
1.023331,0.2649737,0.3687071
1.023331,0.2197744,0.4558181
1.023331,1.300607,0.4494863
1.023331,0.7058397,0.3789362
1.023331,0.2504735,0.4749933
1.023331,0.3349456,0.5999725
1.023331,0.3020906,0.4258792
1.023331,0.2471329,0.4469788
1.023331,0.3549241,0.4682173
1.023331,0.2009594,0.3625582
1.023331,0.2050738,0.5126614
1.023331,0.3591986,0.5508732
1.023331,0.2528572,0.5991728
1.023331,0.347817,0.5958844
1.023331,0.2035974,0.508655
1.023331,0.2800278,0.5832903
1.023331,0.283118,0.3240796
1.023331,0.4372268,0.5680098
1.023331,0.2650246,0.3441461
1.023331,0.1654754,0.3369163
1.023331,1.65703,0.4847947
1.023331,1.702158,0.47059
1.023331,0.2625572,0.4878066
1.023331,0.3017761,0.5829664
1.023331,0.1891996,0.3657711
1.023331,0.8921903,0.4069095
1.023331,0.2982077,0.3110695
1.023331,0.2905194,0.4965893
1.023331,0.2459798,0.362153
1.023331,0.3401203,0.4148817
1.023331,0.2247326,0.4701191
1.023331,0.2681254,0.4184794
1.023331,0.2776168,0.5816467
1.023331,1.098614,0.5602009
1.023331,1.782243,0.3178933
1.023331,0.1770466,0.5084735
1.023331,0.3439709,0.4948216
1.023331,0.2845167,0.5226057
1.023331,0.1748078,0.5894642
1.023331,0.1970393,0.3831396
1.023331,1.694553,0.5284578
1.023331,0.2270427,0.3260395
1.023331,0.2298096,0.4968612
1.023331,0.2316508,0.3413821
1.023331,0.3362351,0.4331481
1.023331,0.1912343,0.5146215
1.023331,0.3067115,0.4414958
1.023331,0.2176555,0.3233863
1.023331,0.3008103,0.4783361
1.023331,0.1726252,0.5276012
1.023331,0.17601,0.3658599
1.023331,0.2860686,0.5585188
1.023331,0.2809831,0.3625356
1.023331,0.4969866,0.5761703
1.023331,0.1924296,0.5465979
1.023331,0.2130938,0.5806709
1.023331,0.2595444,0.4312431
1.023331,0.3371753,0.5326764
1.023331,0.1769719,0.3027883
1.023331,0.1813642,0.4228941
1.023331,0.2739542,0.3122331
1.023331,0.2025272,0.404194
1.023331,0.1924802,0.3363854
1.023331,0.2646781,0.5204625
1.023331,0.2177718,0.5269121
1.023331,0.2729591,0.5401914
1.023331,0.4115758,0.3875613
1.023331,0.3197579,0.5042533
1.023331,0.36224,0.3079403
1.023331,0.3535261,0.3752573
1.023331,0.3458204,0.4889574
1.023331,0.1978789,0.4974957
1.023331,0.304754,0.4058709
1.023331,0.2834114,0.3586268
1.023331,0.3250296,0.4342475
1.023331,1.578727,0.4245369
1.023331,0.2842503,0.4883287
1.023331,0.2601015,0.3031552
1.023331,0.2277377,0.570124
1.023331,0.2680743,0.3640566
1.023331,0.3372505,0.5287161
1.023331,0.3434536,0.3074509
1.023331,0.2832535,0.5716989
1.023331,0.3075959,0.3968453
1.023331,0.1661288,0.5184193
1.023331,1.547101,0.3001529
1.023331,0.2096504,0.4094344
1.023331,0.2134913,0.3908501
1.023331,0.3559995,0.5169573
1.023331,0.1995194,0.4222482
1.023331,0.289816,0.3618691
1.023331,0.315464,0.4869871
1.023331,0.2349211,0.3348352
1.023331,0.3469355,0.3873085
1.023331,0.1905497,0.5503073
1.023331,0.3411232,0.4182128
1.023331,0.2027003,0.5591632
1.023331,0.3331622,0.3472275
1.023331,0.2708611,0.3631222
1.023331,1.496068,0.343604
1.023331,0.325228,0.4046145
1.023331,0.2975027,0.4528315
1.023331,0.1745297,0.3208073
1.023331,0.3967714,0.437849
1.023331,0.1800874,0.3636028
1.023331,0.3505105,0.5309658
1.023331,0.2546053,0.5259809
1.023331,1.952014,0.5604018
1.023331,0.345394,0.4239851
1.023331,0.3640685,0.4943548
1.023331,0.3628613,0.4218662
1.023331,0.2528588,0.5723836
1.023331,0.2410137,0.4098384
1.023331,1.78007,0.4474571
1.023331,0.2031658,0.5673026
1.023331,0.507005,0.4023769
1.023331,0.2466654,0.3043438
1.023331,0.3521311,0.5280069
1.023331,0.1985887,0.5082926
1.023331,0.1660043,0.4982062
1.023331,0.4138453,0.5991009
1.023331,0.2992303,0.3015386
1.023331,0.3407135,0.3048353
1.023331,0.1737037,0.5770124
1.023331,0.2947776,0.539221
1.023331,0.243183,0.5639349
1.023331,0.365056,0.4283422
1.023331,0.1905783,0.3951913
1.023331,0.2678115,0.3070222
1.023331,0.2140117,0.3732934
1.023331,0.8397695,0.4244402
1.023331,0.2715984,0.3244253
1.023331,0.3502023,0.5815977
1.023331,0.9724615,0.5829251
1.023331,0.3269752,0.4225931
1.023331,0.1900955,0.4552625
1.023331,0.2037189,0.4537708
1.023331,1.071509,0.3472892
1.023331,1.587324,0.5575255
1.023331,0.1843821,0.4537398
1.023331,0.2994883,0.4288856
1.023331,0.6388683,0.3996438
1.023331,0.6466024,0.3205031
1.023331,0.2361431,0.3922738
1.023331,0.3034603,0.4733052
1.023331,1.087352,0.4028168
1.023331,0.1809544,0.47984
1.023331,0.3572818,0.5122852
1.023331,0.18904,0.5057621
1.023331,0.2709458,0.305176
1.023331,0.1936695,0.5156064
1.023331,0.2669786,0.5480353
1.023331,0.2952785,0.4206865
1.023331,0.1992512,0.452448
1.023331,0.2797782,0.5391409
1.023331,0.1993545,0.3614233
1.023331,0.186814,0.4610227
1.023331,0.3672775,0.5805912
1.023331,0.3322865,0.5140697
1.023331,0.2413722,0.3622146
1.023331,0.361693,0.5853443
1.023331,0.2527193,0.4508256
1.023331,0.2287368,0.3394016
1.023331,0.3543165,0.5024607
1.023331,0.2174605,0.5569685
1.023331,0.4798989,0.459481
1.023331,0.1874903,0.4474335
1.023331,0.3324075,0.3049045
1.023331,0.3416498,0.4410516
1.023331,0.1982327,0.5592537
1.023331,0.4413366,0.4924208
1.023331,0.3262799,0.3784652
1.023331,0.1957654,0.3332603
1.023331,0.1963175,0.4984196
1.023331,0.2872835,0.504871
1.023331,0.1971456,0.3469906
1.023331,1.553556,0.5621809
1.023331,1.207499,0.3637351
1.023331,0.3620086,0.3524356
1.023331,1.903785,0.3767016
1.023331,0.2072588,0.3479899
1.023331,0.2711155,0.5339359
1.023331,1.859359,0.4937012
1.023331,0.1729734,0.4384617
1.023331,0.8244453,0.5198009
1.023331,1.78692,0.3976613
1.023331,0.6717971,0.4195635
1.023331,1.070472,0.4166022
1.023331,0.3188235,0.3828306
1.023331,0.2295358,0.4429332
1.023331,0.2802387,0.3079166
1.023331,0.3331634,0.5206459
1.023331,0.4706283,0.5106842
1.023331,0.280669,0.5001266
1.023331,0.1851964,0.4163179
1.023331,0.4710883,0.3478466
1.023331,0.3337922,0.3127104
1.023331,0.1708851,0.5893262
1.023331,0.2218052,0.3526017
1.023331,0.200585,0.5838051
1.023331,0.1739791,0.5160032
1.023331,0.1867888,0.4807504
1.023331,0.2363027,0.3918547
1.023331,0.2117069,0.4303523
1.023331,0.3185061,0.5345775
1.023331,0.2640657,0.5310074
1.023331,0.338259,0.4839526
1.023331,0.9607565,0.3621995
1.023331,0.2086067,0.4272304
1.023331,1.53922,0.4135028
1.023331,0.3110521,0.5236554
1.023331,0.1932626,0.4476456
1.023331,0.1655021,0.4234675
1.023331,0.173014,0.5693141
1.023331,1.251333,0.5810224
1.023331,0.4587885,0.3938512
1.023331,1.231314,0.3475346
1.023331,0.2243375,0.3096354
1.023331,0.2850433,0.4881828
1.023331,0.2950536,0.4605192
1.023331,0.3039704,0.5492612
1.023331,1.228437,0.5313352
1.023331,0.8017164,0.3600668
1.023331,0.3518111,0.5066521
1.023331,0.2247357,0.5531928
1.023331,0.1732596,0.3019287
1.023331,0.3424055,0.579162
1.023331,0.197308,0.3682296
1.023331,0.2074414,0.3928662
1.023331,0.2419213,0.5436393
1.023331,0.305076,0.556424
1.023331,0.3560208,0.3316246
1.023331,1.765029,0.5090117
1.023331,0.3104445,0.3634757
1.023331,0.6918834,0.5477977
1.023331,0.1987317,0.5980991
1.023331,0.2191857,0.3228147
1.023331,0.2315975,0.4576256
1.023331,0.6072161,0.5862069
1.023331,0.2403778,0.5103219
1.023331,0.2216329,0.3604481
1.023331,0.8789947,0.3984658
1.023331,0.3304253,0.3560749
1.023331,0.1812067,0.3966554
1.023331,0.2570438,0.5614179
1.023331,0.2871161,0.4346829
1.023331,0.2771804,0.5728914
1.023331,0.1752959,0.449915
1.023331,0.9710879,0.4565473
1.023331,0.2655044,0.4673724
1.023331,0.2581761,0.4115502
1.023331,0.2404826,0.5501994
1.023331,1.623803,0.5047349
1.023331,0.6060957,0.5812612
1.023331,0.1887572,0.5040017
1.023331,0.3610777,0.5986487
1.023331,0.3120498,0.5498626
1.023331,0.3476033,0.5561457
1.023331,0.208819,0.5157635
1.023331,0.4437721,0.5403839
1.023331,0.2138835,0.4107971
1.023331,0.1881523,0.5714513
1.023331,0.2186472,0.4037973
1.023331,0.192781,0.5985615
1.023331,0.2133462,0.3710825
1.023331,0.2029251,0.5488928
1.023331,0.3228502,0.493362
1.023331,0.3268869,0.5393733
1.023331,0.3165268,0.5680333
1.023331,0.1989885,0.5373106
1.023331,0.2158803,0.319412
1.023331,0.2570659,0.5714231
1.023331,0.2395286,0.4098668
1.023331,0.346117,0.5666096
1.023331,0.1953588,0.5069854
1.023331,0.1913451,0.3036667
1.023331,0.2310807,0.5131118
1.023331,0.1747701,0.4279354
1.023331,0.2417882,0.5171843
1.023331,0.2537916,0.3115398
1.023331,0.5033296,0.4418662
1.023331,0.2867572,0.575039
1.023331,0.1887998,0.5299416
1.023331,0.171791,0.3392719
1.023331,0.2422929,0.3230036
1.023331,0.2133018,0.3669063
1.023331,0.2583725,0.369567
1.023331,0.6463198,0.4891477
1.023331,0.3032518,0.3647707
1.023331,0.2379348,0.5918209
1.023331,0.5612196,0.3392585
1.023331,0.3678089,0.5993912
1.023331,0.1766836,0.3219252
1.023331,0.1777079,0.498816
1.023331,0.1972128,0.5896209
1.023331,0.2672392,0.4555611
1.023331,0.1777139,0.3948557
1.023331,0.196488,0.4976739
1.023331,0.240591,0.4844134
1.023331,0.2231761,0.4823145
1.023331,0.2228118,0.4065515
1.023331,0.3128027,0.4970199
1.023331,1.202851,0.5535609
1.023331,0.4827258,0.4378203
1.023331,0.2841534,0.5543396
1.023331,0.2537919,0.5508449
1.023331,0.1859194,0.4505243
1.023331,0.2081545,0.3571679
1.023331,0.1845101,0.4789206
1.023331,0.260295,0.3618033
1.023331,0.180324,0.5514897
1.023331,0.3376324,0.453341
1.023331,0.1882098,0.4126261
1.023331,0.1903643,0.4986633
1.023331,0.8392918,0.4915783
1.023331,0.325081,0.513613
1.023331,0.2624822,0.5996519
1.023331,1.023543,0.3213516
1.023331,0.1981267,0.4927615
1.023331,1.655262,0.3047294
1.023331,0.3630022,0.3643119
1.023331,0.9867185,0.4742481
1.023331,1.496655,0.4810718
1.023331,0.3423544,0.3131306
1.023331,0.2288229,0.4819823
1.023331,0.2658822,0.3911464
1.023331,0.3281661,0.5544603
1.023331,1.57339,0.3030092
1.023331,0.2322478,0.55665
1.023331,0.2119669,0.4166583
1.023331,0.7337552,0.367324
1.023331,0.2265735,0.5218577
1.023331,0.3369813,0.5952486
1.023331,0.345684,0.5469669
1.023331,0.2636673,0.5515055
1.023331,1.365891,0.5372642
1.023331,0.3628921,0.5530668
1.023331,0.1969873,0.5311301
1.023331,0.8236081,0.52748
1.023331,0.2060797,0.5471891
1.023331,0.1689529,0.5796844
1.023331,0.328539,0.3214501
1.023331,0.174231,0.464444
1.023331,0.3484066,0.4290863
1.023331,0.1758662,0.5399662
1.023331,0.4388956,0.5426748
1.023331,0.1873653,0.4821785
1.023331,1.966315,0.5520958
1.023331,0.4795911,0.3528796
1.023331,1.115682,0.3152947
1.023331,0.2570834,0.5672316
1.023331,0.289652,0.5989611
1.023331,0.3112177,0.4582917
1.023331,0.2916161,0.3309648
1.023331,0.2377953,0.4314324
1.023331,0.2182233,0.394225
1.023331,0.2646825,0.3614333
1.023331,0.1655354,0.5620297
1.023331,0.3022985,0.5927535
1.023331,0.1811312,0.4541751
1.023331,0.2378853,0.5719041
1.023331,0.1981297,0.3163212
1.023331,0.3415398,0.300913
1.023331,0.3557098,0.4436058
1.023331,0.2907591,0.3244909
1.023331,0.1714965,0.518612
1.023331,0.958601,0.407706
1.023331,0.2274629,0.4539169
1.023331,0.2095262,0.4491233
1.023331,0.2087344,0.3115045
1.023331,0.5815716,0.5376205
1.023331,0.3189972,0.4841434
1.023331,1.841681,0.4808834
1.023331,0.7744722,0.5320592
1.023331,0.2061651,0.4584965
1.023331,0.1956846,0.5136249
1.023331,0.8764399,0.3376046
1.023331,0.1748883,0.3101256
1.023331,0.1817728,0.47687
1.023331,0.1983806,0.3743006
1.023331,0.2868936,0.4778292
1.023331,0.2026263,0.4529275
1.023331,0.8703031,0.3027506
1.023331,0.2509866,0.4230957
1.023331,0.2095803,0.5585071
1.023331,0.2831393,0.5251622
1.023331,0.1667287,0.4890562
1.023331,0.2556461,0.3560628
1.023331,0.1727819,0.3960854
1.023331,0.8884649,0.3683209
1.023331,0.3561452,0.4674318
1.023331,0.2068136,0.568526
1.023331,0.3049812,0.4483036
1.023331,0.2608844,0.4077945
1.023331,0.2785152,0.5438502
1.023331,1.166912,0.5373466
1.023331,0.7171347,0.4731297
1.023331,0.2143155,0.5830956
1.023331,0.1673123,0.4400464
1.023331,0.2830459,0.5360565
1.023331,0.3605295,0.4863913
1.023331,0.2395838,0.351687
1.023331,0.1990006,0.4897228
1.023331,0.2937278,0.5995937
1.023331,0.2390339,0.5060704
1.023331,0.3564152,0.5991809
1.023331,0.1730534,0.4936731
1.023331,0.2033287,0.5680909
1.023331,0.2218327,0.4051224
1.023331,0.3416136,0.3977124
1.023331,0.2188738,0.4919355
1.023331,0.1844686,0.4032106
1.023331,1.418242,0.4586624
1.023331,1.041741,0.4670033
1.023331,0.1684428,0.4852192
1.023331,0.2286006,0.5719198
1.023331,0.2995006,0.3532729
1.023331,0.3443624,0.4863946
1.023331,0.2321557,0.3652992
1.023331,0.5888218,0.4465732
1.023331,0.1816826,0.3291298
1.023331,0.2697414,0.4785568
1.023331,0.7338871,0.3302905
1.023331,0.1723593,0.5795952
1.023331,0.2977114,0.5406913
1.023331,0.1859293,0.5739272
1.023331,0.1900708,0.3467208
1.023331,0.2308324,0.5462223
1.023331,0.7735247,0.4950333
1.023331,0.8959695,0.3551415
1.023331,0.2131792,0.3217746
1.023331,0.1862997,0.5724685
1.023331,0.6447991,0.5378363
1.023331,0.3406601,0.4997415
1.023331,0.2464343,0.5152372
1.023331,0.2329775,0.50778
1.023331,0.5312638,0.5899252
1.023331,0.2215234,0.3678816
1.023331,0.2317974,0.4214818
1.023331,0.174085,0.3170586
1.023331,0.2425795,0.4182145
1.023331,0.2421754,0.5099014
1.023331,0.1867347,0.3359272
1.023331,0.283784,0.4160298
1.023331,0.254512,0.3203384
1.023331,0.2499276,0.3669532
1.023331,0.1864725,0.3265667
1.023331,0.3106396,0.3703608
1.023331,0.2664057,0.3648482
1.023331,0.4627813,0.4944298
1.023331,0.520377,0.3786275
1.023331,0.3054378,0.423074
1.023331,0.2140727,0.5265337
1.023331,0.1805291,0.3632041
1.023331,0.3303559,0.4428834
1.023331,0.4420786,0.3401419
1.023331,0.1675806,0.3028279
1.023331,0.3209613,0.519691
1.023331,0.1903923,0.5374296
1.023331,0.2377504,0.3975371
1.023331,0.3093796,0.3708638
1.023331,0.222343,0.3759536
1.023331,1.14201,0.3702764
1.023331,0.9029973,0.5511458
1.023331,0.2609391,0.5287903
1.023331,0.3670661,0.3204922
1.023331,0.1805277,0.5510244
1.023331,0.3254427,0.5254512
1.023331,0.2335152,0.4791838
1.023331,0.2379387,0.4350194
1.023331,0.1862523,0.5282032
1.023331,0.2462883,0.4545174
1.023331,0.1753851,0.5866404
1.023331,0.3129155,0.4216504
1.023331,0.2084925,0.5775186
1.023331,1.387348,0.4552379
1.023331,1.812054,0.5575832
1.023331,0.3801469,0.5955182
1.023331,0.3094683,0.4088274
1.023331,0.2089971,0.4676323
1.023331,0.1696039,0.4590991
1.023331,0.5423614,0.5626911
1.023331,0.2618828,0.350727
1.023331,0.2075439,0.461785
1.023331,0.3009404,0.3812469
1.023331,1.357881,0.5373136
1.023331,1.892164,0.4407682
1.023331,0.1850775,0.5960627
1.023331,0.1708179,0.5926927
1.023331,0.2150289,0.4170129
1.023331,0.6087568,0.3797026
1.023331,0.2090861,0.3296835
1.023331,0.2035118,0.4514053
1.023331,0.220713,0.4938377
1.023331,0.3544798,0.4969442
1.023331,0.8033706,0.4630098
1.023331,0.2184299,0.3284639
1.023331,0.1961281,0.4003887
1.023331,0.3024989,0.4235339
1.023331,0.3586752,0.4916539
1.023331,0.3407025,0.541603
1.023331,0.252307,0.3874973
1.023331,0.2649951,0.5630722
1.023331,0.166391,0.3780767
1.023331,0.3007562,0.4129978
1.023331,0.2325318,0.3087979
1.023331,0.573069,0.4719363
1.023331,0.2581699,0.4454814
1.023331,0.2398198,0.4465599
1.023331,0.2962672,0.4868631
1.023331,0.1880647,0.3313971
1.023331,1.971698,0.4498469
1.023331,0.3487677,0.3755639
1.023331,0.1677002,0.4227106
1.023331,0.3329115,0.4533487
1.023331,0.3224427,0.3994815
1.023331,0.3398993,0.4252889
1.023331,1.302944,0.5181189
1.023331,1.570512,0.3968799
1.023331,0.2097939,0.4933195
1.023331,0.1886136,0.3794845
1.023331,0.3191915,0.425732
1.023331,0.3427245,0.5589551
1.023331,0.212773,0.3257905
1.023331,0.3209047,0.5392501
1.023331,0.8871624,0.5952563
1.023331,1.562926,0.358351
1.023331,0.3328477,0.5059119
1.023331,0.2054301,0.4310911
1.023331,1.862743,0.327904
1.023331,0.3351454,0.5002145
1.023331,0.1919478,0.5764531
1.023331,0.5448956,0.5865426
1.023331,0.7396379,0.5562335
1.023331,0.2194611,0.3200766
1.023331,0.2092267,0.4782875
1.023331,0.2270993,0.5782112
1.023331,0.2534223,0.5537882
1.023331,0.3209158,0.5466601
1.023331,1.541571,0.5102764
1.023331,1.242586,0.4445325
1.023331,0.3438049,0.5502846
1.023331,0.2085889,0.5665979
1.023331,0.3504127,0.564794
1.023331,0.2708281,0.3565834
1.023331,0.2605542,0.5127547
1.023331,1.154242,0.4140509
1.023331,0.2943033,0.3598596
1.023331,0.3496557,0.4148425
1.023331,0.1723433,0.3627049
1.023331,0.2810619,0.4224955
1.023331,1.26337,0.5446105
1.023331,0.3232407,0.5246775
1.023331,0.3129294,0.4849329
1.023331,0.3288284,0.3136897
1.023331,0.2086735,0.5708448
1.023331,0.1774214,0.3407129
1.023331,0.1746721,0.5962049
1.023331,0.3416352,0.3842306
1.023331,0.3181984,0.3053075
1.023331,0.3425182,0.342934
1.023331,0.2171369,0.5054835
1.023331,0.2332425,0.40782
1.023331,0.342016,0.3105846
1.023331,0.216103,0.5913633
1.023331,0.1903464,0.5183172
1.023331,0.4222702,0.5655903
1.023331,0.2998857,0.4858687
1.023331,0.1672756,0.3722953
1.023331,1.505467,0.5563657
1.023331,0.3537868,0.4510733
1.023331,0.184121,0.4292543
1.023331,1.445095,0.3739111
1.023331,0.1702423,0.52719
1.023331,0.2013135,0.4967984
1.023331,0.2031233,0.504754
1.023331,0.2154116,0.342667
1.023331,0.2934958,0.4927575
1.023331,0.2262411,0.5909826
1.023331,0.2667908,0.5410713
1.023331,0.1744515,0.4787366
1.023331,0.2629438,0.4101057
1.023331,0.2308073,0.3873338
1.023331,0.5832332,0.3821679
1.023331,0.187534,0.5761656
1.023331,0.2667852,0.332813
1.023331,0.3585424,0.5024101
1.023331,0.1906074,0.5716785
1.023331,0.2025843,0.4853578
1.023331,0.3627105,0.4622635
1.023331,0.1725461,0.527774
1.023331,0.3107324,0.4515633
1.023331,0.284381,0.4973213
1.023331,0.2046007,0.4035189
1.023331,0.3559607,0.5632163
1.023331,0.1778581,0.5915496
1.023331,0.250849,0.3295969
1.023331,0.2293767,0.5747009
1.023331,0.289518,0.5281561
1.023331,1.839556,0.5925518
1.023331,1.781543,0.3567382
1.023331,0.226893,0.5121782
1.023331,0.1784232,0.5351071
1.023331,0.937296,0.3605636
1.023331,0.3215333,0.4880047
1.023331,0.6213518,0.330721
1.023331,0.1976171,0.4661177
1.023331,0.2236964,0.5587393
1.023331,0.3658576,0.5805048
1.023331,0.1663711,0.3117808
1.023331,0.3323363,0.5145301
1.023331,0.3051049,0.5335125
1.023331,0.7626413,0.5278435
1.023331,0.2509624,0.3473516
1.023331,0.2538192,0.3426709
1.023331,0.2052471,0.4533673
1.023331,0.2549055,0.5859812
1.023331,1.347845,0.3443962
1.023331,0.19417,0.3840866
1.023331,0.1702747,0.4015672
1.023331,1.162264,0.4494011
1.023331,1.020014,0.5135258
1.023331,0.2147482,0.3044613
1.023331,0.180198,0.4108936
1.023331,1.604886,0.3294879
1.023331,0.2235333,0.5129871
1.023331,0.1740472,0.5701922
1.023331,0.1656281,0.550551
1.023331,0.2273961,0.3342362
1.023331,0.2179635,0.3134154
1.023331,0.2261819,0.5740827
1.023331,0.2248365,0.5612857
1.023331,0.275454,0.4562767
1.023331,0.3043691,0.4380435
1.023331,0.192904,0.343355
1.023331,0.2225925,0.4528689
1.023331,0.1859741,0.4012119
1.023331,1.37201,0.5809116
1.023331,0.1730638,0.3889527
1.023331,0.2147072,0.5060808
1.023331,0.213955,0.3177914
1.023331,0.2600211,0.5979556
1.023331,1.797219,0.4634801
1.023331,0.3375062,0.3648724
1.023331,0.1776299,0.4720189
1.023331,0.2401644,0.492641
1.023331,0.2040572,0.5991809
1.023331,0.2327686,0.3156166
1.023331,0.6339133,0.3473676
1.023331,0.2809084,0.4558634
1.023331,0.239741,0.3600348
1.023331,0.3359272,0.4983867
1.023331,0.2413363,0.5884615
1.023331,0.2187001,0.3115364
1.023331,0.2707249,0.4225796
1.023331,0.2730696,0.4234706
1.023331,0.1727947,0.3960305
1.023331,0.2287436,0.5225151
1.023331,0.3520272,0.5440678
1.023331,1.749167,0.533828
1.023331,0.2626149,0.527918
1.023331,0.215318,0.3307956
1.023331,0.2180998,0.3790976
1.023331,0.1719838,0.4517203
1.023331,0.3402685,0.4463351
1.023331,0.2102166,0.5534786
1.023331,0.3101002,0.3916866
1.023331,1.425158,0.4253988
1.023331,1.448947,0.3298002
1.023331,0.2313826,0.3297211
1.023331,0.1737934,0.5419458
1.023331,1.223253,0.4945012
1.023331,0.3911903,0.5940046
1.023331,0.3110045,0.4463905
1.023331,0.3511298,0.3948432
1.023331,0.2456853,0.3314559
1.023331,0.2352584,0.5692569
1.023331,0.2007367,0.530478
1.023331,0.3018461,0.4109561
1.023331,0.5934848,0.3528851
1.023331,1.422585,0.4765831
1.023331,0.3156781,0.4528682
1.023331,0.4068111,0.3203303
1.023331,0.2329346,0.5764815
1.023331,0.2034277,0.5504839
1.023331,0.6404701,0.5571693
1.023331,0.2524752,0.5610008
1.023331,0.1916036,0.5212479
1.023331,0.3559393,0.5090146
1.023331,0.263712,0.4922057
1.023331,0.1658458,0.4548829
1.023331,0.3030654,0.4963062
1.023331,0.2676204,0.5541288
1.023331,0.2907803,0.3808179
1.023331,0.2135002,0.4733616
1.023331,0.2151101,0.3839946
1.023331,0.1962965,0.3230118
1.023331,0.1822067,0.3929874
1.023331,0.1780266,0.5696925
1.023331,0.4959491,0.5879693
1.023331,0.2769517,0.4690262
1.023331,0.2884839,0.562442
1.023331,0.2691951,0.3057517
1.023331,0.5577868,0.3721254
1.023331,0.1845709,0.3560696
1.023331,0.2287218,0.4823122
1.023331,0.1813887,0.5075809
1.023331,0.181192,0.5559936
1.023331,0.3184778,0.5565665
1.023331,0.2944377,0.4066862
1.023331,0.3554332,0.4797598
1.023331,0.3610119,0.4825407
1.023331,0.2455357,0.5938812
1.023331,1.059762,0.4368034
1.023331,0.2216541,0.3414409
1.023331,0.389745,0.4834108
1.023331,0.2494945,0.4202397
1.023331,0.1943278,0.3029366
1.023331,0.2515642,0.4808336
1.023331,0.6428849,0.5156406
1.023331,0.3150055,0.5788934
1.023331,0.2893757,0.4706928
1.023331,1.069568,0.4407108
1.023331,0.2492418,0.4345765
1.023331,0.3052998,0.541934
1.023331,0.464526,0.3789486
1.023331,0.2304155,0.3677874
1.023331,0.2119395,0.5610998
1.023331,0.3431596,0.4159083
1.023331,0.2319646,0.3436494
1.023331,0.3203226,0.4810499
1.023331,0.1669144,0.4158667
1.023331,0.2759424,0.3365342
1.023331,0.3602154,0.3270656
1.023331,0.2157489,0.5129538
1.023331,0.1853093,0.5264749
1.023331,0.670795,0.5583488
1.023331,0.1996807,0.5877221
1.023331,0.2851057,0.3524386
1.023331,0.2222538,0.3139047
1.023331,0.1756962,0.502021
1.023331,0.2002916,0.5404921
1.023331,0.2422363,0.3939464
1.023331,1.076318,0.3299276
1.023331,0.1936837,0.4701554
1.023331,0.222493,0.3188401
1.023331,0.2040496,0.3376072
1.023331,0.2162139,0.4932772
1.023331,1.662225,0.3368907
1.023331,0.1670955,0.3927968
1.023331,0.2090289,0.4339268
1.023331,0.6389133,0.3162425
1.023331,0.2121558,0.5104609
1.023331,0.2513008,0.542472
1.023331,0.1892948,0.3841902
1.023331,0.2143021,0.5649924
1.023331,0.3214666,0.563296
1.023331,0.4276829,0.350698
1.023331,0.1969294,0.563174
1.023331,0.1927017,0.5434068
1.023331,0.3538771,0.3746231
1.023331,0.1771417,0.3208236
1.023331,0.2736881,0.4593495
1.023331,0.3323893,0.5587925
1.023331,0.8196737,0.5053251
1.023331,1.549837,0.521889
1.023331,0.6123667,0.4217343
1.023331,1.616359,0.3196514
1.023331,0.1927948,0.5897354
1.023331,0.2783188,0.5182268
1.023331,0.1781882,0.3654296
1.023331,0.230688,0.3766244
1.023331,0.3233839,0.3106971
1.023331,0.2777706,0.5328047
1.023331,0.5783036,0.4079499
1.023331,0.242257,0.4665661
1.023331,0.2330602,0.4234818
1.023331,0.6343721,0.3686769
1.023331,0.2312457,0.5607249
1.023331,0.520323,0.3520449
1.023331,0.2745092,0.5290507
1.023331,0.197852,0.3493581
1.023331,0.2795626,0.5314139
1.023331,0.2787689,0.5862943
1.023331,0.2815934,0.5106616
1.023331,0.1811686,0.3325122
1.023331,0.1988233,0.5675646
1.023331,0.3090496,0.3310424
1.023331,0.5432605,0.3296397
1.023331,0.3619105,0.31107
1.023331,0.2186053,0.5233209
1.023331,0.2395436,0.3020295
1.023331,0.6409397,0.4009944
1.023331,0.1759732,0.4461429
1.023331,0.2873133,0.3818468
1.023331,0.1730662,0.4404897
1.023331,0.2274856,0.4110349
1.023331,0.2208686,0.4007705
1.023331,0.3046857,0.5004299
1.023331,0.3421849,0.3756481
1.023331,0.9144964,0.4111432
1.023331,0.2209313,0.3639882
1.023331,0.3263253,0.4890926
1.023331,0.1784373,0.5509283
1.023331,1.918279,0.5659474
1.023331,0.2217717,0.5466549
1.023331,1.057291,0.3067078
1.023331,0.2508315,0.4060204
1.023331,0.2118973,0.3691469
1.023331,1.371176,0.3208963
1.023331,0.2928231,0.3979763
1.023331,0.2046829,0.3632513
1.023331,0.3395416,0.3464601
1.023331,0.2957824,0.3380534
1.023331,0.2790479,0.4047804
1.023331,0.2899095,0.513523
1.023331,0.2793188,0.5340049
1.023331,0.3221542,0.4848139
1.023331,0.1744981,0.4078861
1.023331,1.396649,0.3000447
1.023331,0.2614017,0.510574
1.023331,0.2614197,0.3298824
1.023331,0.1974534,0.3503418
1.023331,0.3300981,0.5052637
1.023331,0.1804552,0.5032012
1.023331,0.5157945,0.4558926
1.023331,1.210452,0.4304839
1.023331,0.2856692,0.4561324
1.023331,0.3647443,0.5867914
1.023331,0.2267364,0.3189612
1.023331,0.263896,0.3088579
1.023331,0.2574674,0.4429497
1.023331,0.8254008,0.5844186
1.023331,1.295271,0.5172891
1.023331,0.3499279,0.4267647
1.023331,0.220203,0.5615777
1.023331,1.171024,0.4465455
1.023331,0.2978199,0.3980354
1.023331,0.3499201,0.5272527
1.023331,0.191986,0.4308416
1.023331,1.662565,0.5131469
1.023331,0.3231484,0.4636659
1.023331,0.3519736,0.452645
1.023331,0.3022307,0.5503581
1.023331,0.2204473,0.4697331
1.023331,0.2514372,0.4476396
1.023331,0.3150468,0.5738453
1.023331,0.2228832,0.5266522
1.023331,0.1958533,0.5150987
1.023331,0.3293755,0.4361745
1.023331,0.7093345,0.5159967
1.023331,0.3174439,0.4856655
1.023331,0.1750465,0.3076678
1.023331,0.2119338,0.4349435
1.023331,0.2917399,0.319961
1.023331,0.3444036,0.4574014
1.023331,0.3575459,0.5236965
1.023331,0.2155832,0.424992
1.023331,0.3159014,0.5384608
1.023331,1.838581,0.5610574
1.023331,0.1744792,0.3064361
1.023331,0.2052409,0.5326409
1.023331,0.3228568,0.5063496
1.023331,0.2956564,0.4491216
1.023331,0.2057099,0.5690822
1.023331,0.2972861,0.320025
1.023331,0.2300464,0.3331814
1.023331,0.3148469,0.5055656
1.023331,0.6707585,0.3934681
1.023331,0.1708911,0.4389542
1.023331,0.234337,0.5557235
1.023331,0.3332944,0.5055259
1.023331,0.9104255,0.497609
1.023331,0.2845015,0.3938192
1.023331,0.1758153,0.4029193
1.023331,0.2709191,0.485528
1.023331,0.2891553,0.4013068
1.023331,0.3161027,0.3528262
1.023331,0.3372909,0.5144718
1.023331,0.1824284,0.5418171
1.023331,0.4535931,0.4043421
1.023331,0.2422792,0.4215133
1.023331,0.6504067,0.5202693
1.023331,0.3321401,0.5356316
1.023331,0.2616636,0.4501396
1.023331,0.2138123,0.3106756
1.023331,0.2399156,0.5240637
1.023331,0.2795051,0.4116407
1.023331,1.564367,0.5268414
1.023331,0.2141132,0.3818618
1.023331,0.2155196,0.416512
1.023331,1.278638,0.4404403
1.023331,0.1828236,0.3422665
1.023331,0.2920188,0.47483
1.023331,0.1730273,0.4222919
1.023331,0.2015576,0.5605771
1.023331,0.2805233,0.341354
1.023331,1.697372,0.3747833
1.023331,0.1694007,0.5160482
1.023331,0.3363496,0.4081759
1.023331,0.2692534,0.397435
1.023331,0.2018952,0.5473725
1.023331,0.2975945,0.5822315
1.023331,0.223903,0.4016981
1.023331,0.2137265,0.4465743
1.023331,0.1770317,0.5506982
1.023331,0.2258687,0.5596842
1.023331,0.2558557,0.440082
1.023331,0.2405462,0.595402
1.023331,0.2238341,0.5975723
1.023331,0.2480825,0.5479658
1.023331,0.1837478,0.3380444
1.023331,0.2964939,0.5845727
1.023331,0.1839903,0.3633792
1.023331,0.3651984,0.403053
1.023331,0.2651952,0.5271658
1.023331,0.1899878,0.3196447
1.023331,0.3536531,0.4855317
1.023331,1.641932,0.3063721
1.023331,0.3522884,0.4438044
1.023331,0.8729398,0.5926967
1.023331,0.9343513,0.5075101
1.023331,0.3305483,0.4052756
1.023331,0.2515426,0.4969769
1.023331,0.2779447,0.3329641
1.023331,0.2393908,0.3203836
1.023331,0.16856,0.4992726
1.023331,0.1752436,0.5116703
1.023331,0.8635477,0.3251378
1.023331,0.2307948,0.5961568
1.023331,0.2943805,0.3808949
1.023331,0.4058102,0.3242952
1.023331,0.464525,0.5687629
1.023331,0.2957517,0.4545304
1.023331,0.2553487,0.5818827
1.023331,0.1707997,0.3308577
1.023331,0.3352678,0.5132936
1.023331,0.1764313,0.5466881
1.023331,0.235526,0.5458672
1.023331,0.2239083,0.4665259
1.023331,0.2978126,0.3964539
1.023331,0.3301461,0.3948773
1.023331,0.1809086,0.5162655
1.023331,0.3147768,0.5548947
1.023331,0.1949852,0.466381
1.023331,0.1729194,0.3608049
1.023331,0.2810827,0.3792376
1.023331,0.3579658,0.5949614
1.023331,0.3783465,0.5321486
1.023331,0.6759641,0.4717585
1.023331,0.3567495,0.5939861
1.023331,1.30442,0.5445315
1.023331,1.456333,0.4806921
1.023331,0.5676811,0.4960816
1.023331,1.181641,0.4752761
1.023331,0.1895684,0.4723469
1.023331,0.2702478,0.5377349
1.023331,0.2821873,0.4722094
1.023331,0.3117847,0.3017322
1.023331,0.2523146,0.5232877
1.023331,0.2692839,0.5475451
1.023331,0.3495215,0.3855007
1.023331,0.2631011,0.426566
1.023331,0.2040131,0.5407528
1.023331,0.2320095,0.3390037
1.023331,0.2307019,0.4552162
1.023331,0.1964465,0.3339961
1.023331,0.1941248,0.4316195
1.023331,0.2391575,0.5994023
1.023331,0.8469222,0.4114739
1.023331,0.1717637,0.547306
1.023331,0.3254291,0.3849442
1.023331,0.2494642,0.4439821
1.023331,0.1789309,0.4675301
1.023331,0.2363647,0.377752
1.023331,0.206813,0.3372619
1.023331,0.3631374,0.4619286
1.023331,0.1877964,0.4970757
1.023331,0.2706279,0.4263531
1.023331,0.1936662,0.488886
1.023331,0.3772611,0.4549299
1.023331,0.1707626,0.3768289
1.023331,0.1900156,0.3253293
1.023331,0.2601404,0.4225742
1.023331,0.2455518,0.5028044
1.023331,0.3583091,0.3168685
1.023331,0.2958906,0.3150833
1.023331,0.2621032,0.3974994
1.023331,0.2304356,0.5168635
1.023331,1.634168,0.3268312
1.023331,0.2891456,0.3395822
1.023331,0.2714417,0.3320681
1.023331,0.2102704,0.3759464
1.023331,0.3460467,0.4546158
1.023331,0.2214161,0.3436203
1.023331,0.357023,0.4475457
1.023331,0.3151745,0.5937451
1.023331,0.3210078,0.5842866
1.023331,0.5723498,0.4754324
1.023331,0.2191039,0.5674401
1.023331,0.2009223,0.3759379
1.023331,0.2026373,0.4843013
1.023331,0.1705775,0.5920027
1.023331,0.4443081,0.4757102
1.023331,0.1691776,0.5919501
1.023331,0.2202045,0.4044843
1.023331,1.77485,0.4733666
1.023331,0.2122434,0.4315392
1.023331,0.3115598,0.5555951
1.023331,0.2708494,0.5991898
1.023331,0.1693764,0.5479527
1.023331,1.002354,0.5137032
1.023331,0.2729124,0.5818406
1.023331,0.2374897,0.4645655
1.023331,0.3714342,0.5019674
1.023331,0.2128308,0.5346702
1.023331,0.3356453,0.4462107
1.023331,0.7017955,0.5517217
1.023331,0.9156355,0.5706392
1.023331,0.340848,0.4453718
1.023331,0.256725,0.3498722
1.023331,0.5935972,0.383523
1.023331,0.518629,0.5497165
1.023331,0.208219,0.5815539
1.023331,0.207501,0.3145136
1.023331,0.1803565,0.5547397
1.023331,0.2807201,0.4853925
1.023331,0.3371269,0.4282141
1.023331,0.1930592,0.4517773
1.023331,0.2509225,0.5680023
1.023331,0.3398283,0.518916
1.023331,0.5019558,0.3209386
1.023331,0.1816241,0.4047645
1.023331,0.4417726,0.3063833
1.023331,0.3412084,0.5548543
1.023331,0.2731295,0.5585794
1.023331,0.2080846,0.5112642
1.023331,0.3434704,0.3696416
1.023331,0.2622359,0.4556614
1.023331,0.3237886,0.5567744
1.023331,0.1823158,0.380824
1.023331,0.3634177,0.3977416
1.023331,0.1799822,0.3681259
1.023331,0.3800053,0.4895007
1.023331,0.2650777,0.3577912
1.023331,0.2055954,0.5008049
1.023331,0.2628938,0.5881554
1.023331,1.670088,0.3410457
1.023331,0.2576203,0.4760666
1.023331,0.274745,0.418288
1.023331,0.8730551,0.414582
1.023331,0.2448655,0.3616292
1.023331,0.2651089,0.509176
1.023331,0.3165231,0.5290601
1.023331,0.3091861,0.4696376
1.023331,0.3628367,0.5235587
1.023331,0.2732455,0.4255582
1.023331,0.3241388,0.5435871
1.023331,0.2131496,0.4179835
1.023331,0.2606273,0.483603
1.023331,1.062233,0.4640209
1.023331,1.063803,0.3855715
1.023331,0.2427171,0.4864917
1.023331,0.2863351,0.3103092
1.023331,1.255825,0.5554621
1.023331,0.2489342,0.4507703
1.023331,0.3255462,0.3520563
1.023331,1.567685,0.533258
1.023331,0.9251263,0.3824669
1.023331,0.2917373,0.4799468
1.023331,0.1749676,0.3237532
1.023331,0.3228171,0.3479107
1.023331,0.292332,0.3261235
1.023331,0.3658922,0.4224097
1.023331,0.182097,0.5488739
1.023331,1.167658,0.432128
1.023331,0.6519608,0.4913932
1.023331,1.00685,0.487187
1.023331,1.211027,0.43953
1.023331,0.2979167,0.5297169
1.023331,0.174417,0.3332461
1.023331,0.1656344,0.3873283
1.023331,0.1774224,0.4533222
1.023331,0.2326204,0.4049416
1.023331,0.3615673,0.5216728
1.023331,0.3608566,0.3305547
1.023331,0.1948504,0.4314136
1.023331,0.8622353,0.4814022
1.023331,0.3611424,0.3314281
1.023331,0.1848179,0.3245137
1.023331,0.1693124,0.5502392
1.023331,0.2226978,0.5110334
1.023331,0.5855023,0.5776676
1.023331,0.3362323,0.4513895
1.023331,0.2339643,0.4945441
1.023331,0.2097116,0.4911238
1.023331,0.2051666,0.5701072
1.023331,0.345056,0.5268342
1.023331,0.275597,0.485773
1.023331,0.5443232,0.4197953
1.023331,0.3588477,0.4865396
1.023331,0.312493,0.4557556
1.023331,0.2312845,0.4733725
1.023331,0.1884938,0.4726107
1.023331,0.3222015,0.5248836
1.023331,0.9901504,0.3291804
1.023331,0.3344809,0.38402
1.023331,1.392347,0.5895866
1.023331,0.210329,0.3776975
1.023331,0.1873969,0.4817283
1.023331,0.1797837,0.5978149
1.023331,0.2330248,0.3375655
1.023331,0.751267,0.5070083
1.023331,0.2125439,0.41856
1.023331,0.2615567,0.3926097
1.023331,0.3159112,0.4449606
1.023331,0.3372122,0.5663478
1.023331,0.2295142,0.523838
1.023331,0.1742946,0.5928801
1.023331,0.1782113,0.4302727
1.023331,0.3191034,0.3467453
1.023331,0.1776628,0.3819892
1.023331,0.2448868,0.3352949
1.023331,0.2897634,0.5968733
1.023331,0.1997241,0.5056304
1.023331,0.2050153,0.3890192
1.023331,0.1827502,0.5415283
1.023331,0.2393191,0.4131557
1.023331,0.1713042,0.4498343
1.023331,0.6209674,0.3619896
1.023331,0.1679475,0.5296729
1.023331,0.1697807,0.5190009
1.023331,0.2587274,0.3277282
1.023331,0.3537757,0.3534748
1.023331,0.1935911,0.3341618
1.023331,0.2745962,0.4114342
1.023331,0.3102257,0.3693927
1.023331,0.3645399,0.5705024
1.023331,0.3551936,0.4121445
1.023331,0.1831027,0.3731691
1.023331,0.2111732,0.4844397
1.023331,0.2206064,0.4657277
1.023331,0.26406,0.3472036
1.023331,0.2904166,0.339883
1.023331,0.5617236,0.5242081
1.023331,0.3483163,0.4625036
1.023331,0.2548438,0.4692627
1.023331,0.1840402,0.3935846
1.023331,0.2910049,0.3524539
1.023331,0.3261419,0.3757952
1.023331,0.1871383,0.3911799
1.023331,0.1802034,0.4747343
1.023331,0.3196636,0.4528626
1.023331,0.2066398,0.3636192
1.023331,0.1748515,0.4461771
1.023331,0.2053109,0.376513
1.023331,0.2013887,0.3969598
1.023331,0.3473566,0.3681521
1.023331,0.2446397,0.4527668
1.023331,0.2986762,0.5621011
1.023331,1.459211,0.4415265
1.023331,0.302059,0.438389
1.023331,1.406675,0.4096414
1.023331,1.577449,0.3923521
1.023331,0.2392265,0.467683
1.023331,0.233214,0.4689217
1.023331,0.1846796,0.5246431
1.023331,0.2387378,0.5276994
1.023331,0.2385496,0.4994098
1.023331,0.3057787,0.4994603
1.023331,0.2565857,0.5355299
1.023331,0.264862,0.5176744
1.023331,0.3319389,0.487434
1.023331,0.1720523,0.4573317
1.023331,0.3136926,0.5088807
1.023331,0.2188136,0.3259925
1.023331,1.24802,0.5529078
1.023331,0.2570773,0.5231823
1.023331,1.233318,0.5551431
1.023331,1.596485,0.4777522
1.023331,0.7354534,0.4513745
1.023331,0.3339129,0.5623628
1.023331,0.1786515,0.5252294
1.023331,0.1852822,0.5160513
1.023331,0.2942379,0.3741221
1.023331,0.2833359,0.4494088
1.023331,0.1749813,0.4915509
1.023331,0.2190837,0.5537729
1.023331,0.3452663,0.4362249
1.023331,0.2224567,0.563175
1.023331,0.270788,0.4254416
1.023331,1.049723,0.5296063
1.023331,0.1742009,0.5170745
1.023331,0.1972957,0.587148
1.023331,0.2471981,0.4764174
1.023331,0.2123627,0.5090395
1.023331,0.1952467,0.3358221
1.023331,0.2939015,0.4422131
1.023331,0.1677221,0.3575774
1.023331,0.2497746,0.4743527
1.023331,0.7880232,0.5200664
1.023331,0.2880695,0.5405148
1.023331,0.1758217,0.5242027
1.023331,0.2419398,0.5289963
1.023331,0.2429215,0.3261394
1.023331,0.2970354,0.5013497
1.023331,0.2713518,0.5362757
1.023331,0.2335028,0.558949
1.023331,0.1729657,0.3112726
1.023331,0.2526934,0.5579941
1.023331,0.2568823,0.3719788
1.023331,0.2971898,0.5567251
1.023331,0.3430745,0.5953974
1.023331,0.1723904,0.3521477
1.023331,0.233389,0.5322539
1.023331,0.1888275,0.574477
1.023331,0.363914,0.3196737
1.023331,0.252062,0.453889
1.023331,0.3492935,0.5458475
1.023331,0.3135809,0.3312339
1.023331,0.2747655,0.5342742
1.023331,0.1744936,0.5450193
1.023331,0.198659,0.3798848
1.023331,0.2805874,0.3643916
1.023331,0.267296,0.5937937
1.023331,0.2122238,0.3079262
1.023331,0.3891906,0.4090402
1.023331,0.2876911,0.3810732
1.023331,0.3532419,0.4633461
1.023331,0.2219543,0.4483602
1.023331,0.2169648,0.4786199
1.023331,1.043545,0.3223839
1.023331,0.281822,0.37183
1.023331,0.1824927,0.3408907
1.023331,0.3133484,0.4099753
1.023331,0.2673181,0.3792027
1.023331,0.3455996,0.4085587
1.023331,1.647022,0.4201974
1.023331,0.3171753,0.4967866
1.023331,0.3115428,0.4210694
1.023331,0.2567742,0.503839
1.023331,0.3511266,0.4059747
1.023331,0.1677305,0.5101659
1.023331,1.923816,0.4555013
1.023331,0.2383977,0.4085576
1.023331,0.1912833,0.3908368
1.023331,0.3455921,0.4133815
1.023331,0.2509684,0.543293
1.023331,0.651528,0.3772418
1.023331,1.979066,0.4199576
1.023331,0.3017545,0.4294974
1.023331,0.3121548,0.5365605
1.023331,0.8806261,0.3140695
1.023331,0.4701806,0.5445514
1.023331,0.9114614,0.3070046
1.023331,0.3244206,0.3027205
1.023331,0.2182682,0.4177973
1.023331,0.2742714,0.5103693
1.023331,0.2325511,0.5339854
1.023331,0.3162259,0.3740202
1.023331,0.3065358,0.5157203
1.023331,0.3302369,0.3469299
1.023331,0.2601508,0.596064
1.023331,0.2401459,0.3072114
1.023331,0.1671724,0.5349045
1.023331,1.961071,0.3526424
1.023331,0.2727304,0.3346104
1.023331,0.7221751,0.3321902
1.023331,0.2296875,0.5999061
1.023331,0.2527013,0.5900699
1.023331,0.3109805,0.4834006
1.023331,0.3304501,0.5916267
1.023331,0.2729232,0.5381366
1.023331,0.2435867,0.4868681
1.023331,0.4028126,0.4655803
1.023331,0.1743691,0.3452704
1.023331,0.282161,0.5152754
1.023331,0.1666386,0.5092794
1.023331,0.2703154,0.4667488
1.023331,0.2167725,0.3490407
1.023331,1.16573,0.3318241
1.023331,0.1658718,0.502023
1.023331,0.2429359,0.372099
1.023331,1.886355,0.5311135
1.023331,1.0382,0.4209375
1.023331,0.2019439,0.4525847
1.023331,0.2604281,0.4669955
1.023331,0.4279534,0.520706
1.023331,0.1973458,0.303586
1.023331,0.1803547,0.5156375
1.023331,0.2644324,0.5499639
1.023331,0.29355,0.3703048
1.023331,0.3392032,0.3882652
1.023331,0.359825,0.4029875
1.023331,0.2596661,0.4032844
1.023331,0.2069963,0.4297076
1.023331,0.2395639,0.4419077
1.023331,0.328437,0.3700706
1.023331,0.2430082,0.482889
1.023331,0.3350662,0.317857
1.023331,0.3812636,0.4226463
1.023331,0.3570444,0.5398954
1.023331,0.2658981,0.3597203
1.023331,0.3165438,0.3390778
1.023331,0.2147611,0.3019577
1.023331,0.2428645,0.5208936
1.023331,0.3354932,0.5889772
1.023331,0.2560313,0.5450463
1.023331,0.8999874,0.5912589
1.023331,0.2637398,0.4286383
1.023331,1.422126,0.4900281
1.023331,0.2454765,0.4802891
1.023331,0.1845325,0.3908166
1.023331,0.3649645,0.5683005
1.023331,0.1653608,0.5951996
1.023331,0.1975182,0.4690084
1.023331,0.6462643,0.5418665
1.023331,1.113524,0.5402539
1.023331,0.2312608,0.3716226
1.023331,0.2401351,0.3850456
1.023331,0.2577391,0.444423
1.023331,0.2810971,0.3597368
1.023331,0.2338131,0.4749321
1.023331,0.6245486,0.5362298
1.023331,0.1754338,0.5721238
1.023331,0.2351904,0.5130792
1.023331,0.320731,0.3853225
1.023331,0.1801017,0.3412223
1.023331,1.060456,0.5852504
1.023331,0.1879877,0.520183
1.023331,0.4908389,0.340007
1.023331,0.2993278,0.493807
1.023331,1.518175,0.5866927
1.023331,0.2981461,0.3852845
1.023331,0.2236574,0.3493421
1.023331,0.2940017,0.5665153
1.023331,0.1839638,0.5548581
1.023331,0.2061709,0.3040182
1.023331,0.9758219,0.5134511
1.023331,0.2745304,0.488513
1.023331,0.2229,0.4765478
1.023331,0.1886609,0.4884891
1.023331,1.533889,0.4091859
1.023331,0.228108,0.326241
1.023331,0.1978396,0.5660707
1.023331,0.2392253,0.3078237
1.023331,1.902922,0.5400671
1.023331,0.4212866,0.3222148
1.023331,1.948338,0.5730211
1.023331,0.2058646,0.3435078
1.023331,0.231792,0.4112656
1.023331,0.307828,0.5396991
1.023331,0.245138,0.5277426
1.023331,0.1882389,0.5899802
1.023331,0.1857734,0.4657649
1.023331,0.3174211,0.4973531
1.023331,0.2422465,0.3111711
1.023331,0.3313438,0.5488784
1.023331,0.2685136,0.444708
1.023331,0.2173704,0.434668
1.023331,0.3544454,0.4578837
1.023331,0.1943682,0.336763
1.023331,0.2462803,0.5415542
1.023331,0.1785237,0.4816066
1.023331,0.2218941,0.5608844
1.023331,0.3000312,0.4139639
1.023331,0.4477344,0.5357084
1.023331,0.7588905,0.4097926
1.023331,0.1877534,0.4927908
1.023331,0.1738195,0.406391
1.023331,0.4410937,0.3572184
1.023331,0.340595,0.5403304
1.023331,0.2292577,0.3967462
1.023331,0.4017343,0.5763165
1.023331,1.004149,0.5330894
1.023331,0.3566351,0.3402683
1.023331,0.3130787,0.5367225
1.023331,0.3089349,0.4188954
1.023331,0.3230246,0.3435413
1.023331,0.2035841,0.5375239
1.023331,1.375085,0.5333243
1.023331,0.2733322,0.4140437
1.023331,0.2184061,0.337782
1.023331,0.3508113,0.4896373
1.023331,0.2636368,0.5814356
1.023331,0.2364856,0.3348563
1.023331,0.2481423,0.3987055
1.023331,1.732907,0.5196522
1.023331,0.9230622,0.4957322
1.023331,0.6869817,0.5894092
1.023331,0.2100989,0.3549808
1.023331,0.3053882,0.5293368
1.023331,0.2215309,0.3690348
1.023331,0.1997595,0.3381915
1.023331,0.2669766,0.4726507
1.023331,0.1751876,0.5319353
1.023331,0.1843851,0.5539697
1.023331,0.1768773,0.444765
1.023331,0.3317476,0.5524514
1.023331,0.2431292,0.3187441
1.023331,0.3283645,0.3294406
1.023331,0.2196268,0.552951
1.023331,0.1829132,0.4447233
1.023331,0.2379261,0.4134585
1.023331,0.892806,0.4358007
1.023331,0.1974974,0.3735664
1.023331,0.3176136,0.5836935
1.023331,0.176861,0.3482367
1.023331,0.3051768,0.5374268
1.023331,0.2475305,0.336073
1.023331,0.2757374,0.5378458
1.023331,1.887409,0.3282274
1.023331,0.2541939,0.4661826
1.023331,0.3550932,0.363752
1.023331,0.183559,0.5353347
1.023331,0.4249051,0.4664469
1.023331,0.1982963,0.5697817
1.023331,0.2495798,0.5399204
1.023331,0.2474234,0.5347857
1.023331,1.741098,0.5247499
1.023331,0.2258381,0.3455251
1.023331,0.2075368,0.552926
1.023331,0.3500416,0.3772234
1.023331,0.1723008,0.4108408
1.023331,1.121969,0.4588149
1.023331,0.2427892,0.4800085
1.023331,0.2562417,0.3478137
1.023331,0.2503482,0.3152579
1.023331,0.1991934,0.3781107
1.023331,0.1686302,0.5476767
1.023331,0.3967248,0.3508757
1.023331,0.227369,0.5377107
1.023331,0.2138613,0.5858842
1.023331,0.2932828,0.5666389
1.023331,0.2106668,0.4128779
1.023331,0.3258028,0.4883213
1.023331,0.2276932,0.5024619
1.023331,0.2292707,0.4652139
1.023331,0.8882362,0.4603229
1.023331,0.226296,0.5271562
1.023331,1.010913,0.3843752
1.023331,0.2962964,0.4291919
1.023331,0.202367,0.5698593
1.023331,0.2279373,0.5224373
1.023331,0.2962815,0.5325688
1.023331,0.204554,0.3542742
1.023331,0.196205,0.5445253
1.023331,0.2329674,0.4486582
1.023331,0.3655985,0.5428777
1.023331,0.217596,0.4054092
1.023331,0.2737273,0.5081863
1.023331,0.3403239,0.4332088
1.023331,0.3347002,0.5177681
1.023331,0.2311894,0.4295869
1.023331,1.207844,0.3239634
1.023331,0.2597384,0.4119754
1.023331,0.3381369,0.3739447
1.023331,0.2216998,0.3839045
1.023331,1.872144,0.5884925
1.023331,0.1796353,0.5663882
1.023331,0.6644382,0.565818
1.023331,0.2593101,0.4016013
1.023331,0.359005,0.5813077
1.023331,0.2159695,0.3704145
1.023331,0.1663692,0.4052598
1.023331,0.1677473,0.3841253
1.023331,1.980534,0.3054822
1.023331,0.2789423,0.462852
1.023331,0.2821153,0.5506793
1.023331,0.3177288,0.5119986
1.023331,0.2613595,0.5245394
1.023331,1.799169,0.3242988
1.023331,0.6286764,0.4711613
1.023331,0.3106093,0.391248
1.023331,0.3828253,0.3414029
1.023331,0.1899016,0.5137762
1.023331,0.1792283,0.5890097
1.023331,0.2436273,0.3199284
1.023331,0.2790144,0.4297356
1.023331,0.3482679,0.4835342
1.023331,0.1800936,0.535305
1.023331,0.2711473,0.5396056
1.023331,0.2830367,0.4513141
1.023331,0.2699396,0.5460865
1.023331,0.3649929,0.3847174
1.023331,0.4044467,0.4420856
1.023331,0.367234,0.3129461
1.023331,0.2155921,0.4754492
1.023331,0.2532255,0.3662612
1.023331,0.2954846,0.4036313
1.023331,0.505497,0.5136662
1.023331,0.3073117,0.4280294
1.023331,0.262028,0.489508
1.023331,0.1957239,0.3143843
1.023331,0.1860961,0.4417691
1.023331,0.2108699,0.3306869
1.023331,0.2532393,0.576854
1.023331,0.3600851,0.5732296
1.023331,0.1696295,0.5188382
1.023331,1.529362,0.5854418
1.023331,0.2175142,0.3450811
1.023331,0.3452759,0.4082474
1.023331,0.3423514,0.302803
1.023331,0.3290823,0.5688484
1.023331,0.2907574,0.3112089
1.023331,0.2434896,0.3169506
1.023331,0.2564505,0.3884384
1.023331,0.1856873,0.547044
1.023331,0.2854879,0.3341521
1.023331,0.3328829,0.4239512
1.023331,0.168869,0.5743817
1.023331,0.2447032,0.3023508
1.023331,1.951302,0.518396
1.023331,0.2876945,0.5666675
1.023331,0.9532651,0.592186
1.023331,0.2768834,0.3489733
1.023331,0.235281,0.5301182
1.023331,0.3428018,0.3560683
1.023331,0.8783119,0.4917473
1.023331,0.352723,0.5371108
1.023331,0.2008857,0.3382316
1.023331,0.2722643,0.3220432
1.023331,1.164839,0.425503
1.023331,0.185271,0.5800972
1.023331,0.1822943,0.4327336
1.023331,0.1857922,0.3326876
1.023331,0.3565621,0.4916337
1.023331,0.2507641,0.5271937
1.023331,0.2889391,0.5691587
1.023331,0.2338726,0.5996009
1.023331,0.5783728,0.520314
1.023331,0.2275635,0.3021729
1.023331,0.1926591,0.4134843
1.023331,0.2467004,0.3005058
1.023331,0.2619638,0.4830947
1.023331,0.1856624,0.5447626
1.023331,0.4679055,0.358035
1.023331,0.1668112,0.4452601
1.023331,0.2754047,0.3319252
1.023331,0.1885068,0.4903458
1.023331,0.3479548,0.4602258
1.023331,0.1831093,0.4650009
1.023331,0.3002691,0.4946999
1.023331,0.3393207,0.5719422
1.023331,0.5268609,0.5968065
1.023331,0.2771112,0.5862576
1.023331,0.6174557,0.4634011
1.023331,0.2028881,0.3091892
1.023331,0.3613806,0.4211842
1.023331,0.3234933,0.3693208
1.023331,0.1866975,0.5557013
1.023331,0.1960981,0.5348133
1.023331,1.132625,0.3939098
1.023331,0.7587528,0.3670213
1.023331,0.3178151,0.4811867
1.023331,0.328577,0.3469501
1.023331,0.2498641,0.5672334
1.023331,0.2530049,0.3486854
1.023331,0.1925763,0.3240227
1.023331,0.2594412,0.4893671
1.023331,0.2188742,0.4780115
1.023331,0.2584418,0.322648
1.023331,0.2166337,0.4138014
1.023331,0.2806201,0.483683
1.023331,0.2899816,0.4998319
1.023331,0.1684267,0.5959536
1.023331,0.3946146,0.3061778
1.023331,0.2038087,0.3327369
1.023331,0.2612561,0.4651572
1.023331,0.6580892,0.3824972
1.023331,0.1841878,0.3522584
1.023331,0.2116321,0.5286779
1.023331,1.426209,0.3594668
1.023331,0.2673894,0.3207487
1.023331,1.351175,0.5814356
1.023331,0.3456647,0.3918525
1.023331,1.583772,0.5157227
1.023331,1.42965,0.5123921
1.023331,0.3210461,0.5185247
1.023331,0.3214893,0.407899
1.023331,0.2085445,0.3847956
1.023331,0.2189116,0.3343939
1.023331,0.2948292,0.5661201
1.023331,0.191375,0.4199263
1.023331,0.3485968,0.5252316
1.023331,0.3354014,0.4433233
1.023331,0.235306,0.5102288
1.023331,0.4962109,0.4915577
1.023331,0.2593186,0.5192468
1.023331,0.4971832,0.4748966
1.023331,0.1664041,0.5929343
1.023331,0.5443337,0.5527118
1.023331,0.9458469,0.3004017
1.023331,0.3249453,0.41215
1.023331,0.2162102,0.4403605
1.023331,0.171421,0.3366817
1.023331,0.1654132,0.5723788
1.023331,0.1879805,0.4400654
1.023331,0.943179,0.5944148
1.023331,0.2565905,0.4744497
1.023331,0.1773247,0.4423572
1.023331,0.2750184,0.5573053
1.023331,0.2808779,0.454339
1.023331,0.8623095,0.3370542
1.023331,0.2881353,0.477925
1.023331,0.3092834,0.4300616
1.023331,0.2265992,0.5883464
1.023331,0.2110601,0.559718
1.023331,0.2731102,0.5521287
1.023331,0.6086558,0.4289614
1.023331,0.1698473,0.5329576
1.023331,0.1956559,0.4325192
1.023331,0.2690792,0.5580602
1.023331,0.4851886,0.3070986
1.023331,0.2355228,0.4913301
1.023331,0.7948852,0.548323
1.023331,0.2053486,0.3138755
1.023331,0.2502335,0.4253646
1.023331,0.2622287,0.4112287
1.023331,0.1810311,0.4672398
1.023331,0.1734802,0.4008068
1.023331,0.363272,0.3608928
1.023331,0.1780208,0.3765939
1.023331,0.330333,0.3484239
1.023331,0.3551108,0.5978296
1.023331,1.423528,0.4906199
1.023331,0.2914682,0.5780303
1.023331,0.7334276,0.4222329
1.023331,1.239944,0.3725482
1.023331,0.794362,0.5873092
1.023331,0.5774429,0.4473829
1.023331,0.7313157,0.5826962
1.023331,0.2476172,0.3420781
1.023331,0.3142221,0.4391319
1.023331,0.3441142,0.3018291
1.023331,0.1766153,0.4894833
1.023331,0.4375352,0.4894451
1.023331,1.079354,0.404088
1.023331,1.72903,0.5625884
1.023331,0.2816155,0.3430165
1.023331,0.6102077,0.3532531
1.023331,0.941984,0.3242188
1.023331,0.189547,0.4116756
1.023331,0.3162681,0.3160998
1.023331,0.3230704,0.3083801
1.023331,0.7256293,0.5748715
1.023331,1.331449,0.3143613
1.023331,0.2626133,0.4708566
1.023331,0.6846332,0.5939776
1.023331,0.3805043,0.5805788
1.023331,0.2186549,0.5535955
1.023331,1.641131,0.3937865
1.023331,0.2738031,0.373152
1.023331,0.3546448,0.4831889
1.023331,0.3668256,0.4769463
1.023331,0.2028867,0.5868173
1.023331,0.2251622,0.314436
1.023331,0.2205768,0.3676868
1.023331,0.3561968,0.4190426
1.023331,0.1950872,0.4292908
1.023331,0.2955954,0.3830841
1.023331,0.1769201,0.3772707
1.023331,0.3016252,0.4994954
1.023331,0.2493182,0.4465945
1.023331,0.3431879,0.3350849
1.023331,1.094685,0.4672584
1.023331,0.3069857,0.3383848
1.023331,0.2262136,0.4328186
1.023331,1.135077,0.3230093
1.023331,0.1826455,0.3524059
1.023331,0.2185785,0.3898871
1.023331,0.16807,0.5348432
1.023331,0.28552,0.5205331
1.023331,0.1763124,0.5209648
1.023331,0.2118702,0.386812
1.023331,0.2613932,0.4674352
1.023331,0.2474805,0.4849255
1.023331,0.297272,0.5691589
1.023331,0.4505331,0.5025111
1.023331,0.4225406,0.3582248
1.023331,1.261533,0.362348
